INSERT INTO `_dir_available_user` VALUES (7532782697181632512,'garoon'),(7532782697181632512,'kintone'),(7532782697181632512,'mailwise'),(7532782697181632512,'mosemail'),(7532782697181632512,'office'),(7532782697181632512,'skylab'),(1,'garoon'),(1,'kintone'),(1,'mailwise'),(1,'mosemail'),(1,'office'),(1,'skylab');
INSERT INTO `_dir_group` VALUES (7532782697181632512,'Administrators',0,0,UTC_TIMESTAMP(),UTC_TIMESTAMP(),1,'Administrators',NULL,NULL,NULL,NULL,2147483647),(7532782697181632513,'everyone',0,1,UTC_TIMESTAMP(),UTC_TIMESTAMP(),1,'Everyone',NULL,NULL,NULL,'{\"condition\":{\"key\":\"user\",\"nest\":0,\"op\":\"NE\",\"type\":\"COMPARISON\",\"value\":{\"args\":null,\"type\":\"STRING\",\"value\":\"not number\"}}}',2147483647);
INSERT INTO `_dir_group_user_relation` VALUES (7532782697181632512,7532782697181632512,0),(7532782697181632512,1,0);
INSERT INTO `_dir_organization` VALUES (7532782697181632512,' root',0,UTC_TIMESTAMP(),UTC_TIMESTAMP(),'root organization',NULL,NULL,NULL,0,2147483647,'/',0);
INSERT INTO `_dir_sync_status` VALUES ('attempt_full_sync','false');
INSERT INTO `_dir_title` VALUES (7532782697181632512,0,' no title',UTC_TIMESTAMP(),UTC_TIMESTAMP(),'no title',NULL,NULL,NULL,2147483647);
INSERT INTO `_dir_user` VALUES (7532782697181632512,'Administrator',NULL,NULL,0,'Asia/Tokyo',NULL,NULL,NULL,NULL,UTC_TIMESTAMP(),UTC_TIMESTAMP(),UTC_TIMESTAMP(),NULL,NULL,1,'Administrator',NULL,NULL,NULL,NULL,NULL,NULL,NULL,NULL,'',NULL,NULL,NULL,NULL,NULL,NULL,NULL,NULL,NULL,NULL,NULL,NULL,2147483647,NULL,NULL,NULL,NULL,0,0), (1,'cybozu','092820E59422464B8728C708558B82790DE4B3782B81AE42CFB5D268BC33E476','73cf61d3b933a85611bd17fae0be7877a7133f9cda459d7fcbb25d89045605e6',0,'Asia/Tokyo',NULL,NULL,NULL,NULL,UTC_TIMESTAMP(),UTC_TIMESTAMP(),UTC_TIMESTAMP(),NULL,NULL,1,'cybozu',NULL,NULL,NULL,NULL,NULL,NULL,NULL,NULL,'',NULL,NULL,NULL,NULL,NULL,NULL,NULL,NULL,NULL,NULL,NULL,NULL,2147483647,NULL,NULL,NULL,NULL,0,0);
INSERT INTO `_slash_version` VALUES ('7.11.0');
INSERT INTO `available_services` VALUES ('garoon',0,-1,NULL,NULL,NULL),('kintone',0,-1,NULL,NULL,NULL),('mailwise',0,-1,NULL,NULL,NULL),('office',0,-1,NULL,NULL,NULL),('skylab',0,-1,NULL,NULL,NULL);
INSERT INTO `sandbox_status` VALUES ('INITIAL',0,NULL);
INSERT INTO `sequence` VALUES ('com.cybozu.slash.sequence.customItem',0),('com.cybozu.slash.sequence.oauth.accessToken',0),('com.cybozu.slash.sequence.oauth.authorization',0),('com.cybozu.slash.sequence.oauth.authorizationCode',0),('com.cybozu.slash.sequence.oauth.refreshToken',0);
INSERT INTO `system_settings` VALUES (1,'com.cybozu.slash.timezone','Asia/Tokyo'),(2,'com.cybozu.slash.auditLog.informationAction','None'),(3,'com.cybozu.slash.auditLog.informationMailAddresses',''),(4,'com.cybozu.slash.auditLog.criticalAction','None'),(5,'com.cybozu.slash.auditLog.criticalMailAddresses',''),(8,'com.cybozu.slash.auditLog.reportTiming','None'),(9,'com.cybozu.slash.auditLog.LogRetentionPeriod','3'),(10,'com.cybozu.slash.auditLog.LogFormat','XLSX'),(11,'com.cybozu.slash.security.login.passwordResetMailEnabled','true'),(12,'com.cybozu.slash.profile.editable.email','false'),(13,'com.cybozu.slash.fqdn','__FQDN__'),(14,'com.cybozu.slash.deployTrigger','SIGNUP'),(15,'com.cybozu.slash.license.audit','true'),(16,'com.cybozu.slash.license.saml','true'),(17,'com.cybozu.slash.store.allowStoreControl','true'),(18,'com.cybozu.slash.kintone.course','enterprise'),(19,'com.cybozu.gaia.license.guest','9223372036854775807'),(20,'com.cybozu.gaia.license.space','9223372036854775807'),(21,'com.cybozu.gaia.license.guestSpace','9223372036854775807'),(22,'com.cybozu.gaia.license.jsCustomize','true'),(23,'com.cybozu.gaia.license.app','9223372036854775807'),(24,'com.cybozu.gaia.license.field','9223372036854775807'),(25,'com.cybozu.gaia.license.apiRequest','9223372036854775807'),(26,'com.cybozu.gaia.license.record','9223372036854775807'),(27,'com.cybozu.slash.mailwise.course','premium'),(28,'com.cybozu.slash.office.course','premium'),(29,'com.cybozu.slash.locale','ja'),(30,'com.cybozu.slash.forceChangePassword','true'),(31,'com.cybozu.common.directory.passwordpolicy.MinLength','8'),(32,'com.cybozu.common.directory.passwordpolicy.ExpireTime','ONE_YEAR'),(33,'com.cybozu.common.directory.passwordpolicy.Complexity','ALPHA_NUM'),(34,'com.cybozu.common.directory.passwordpolicy.JoePassword','DISABLE'),(35,'com.cybozu.common.directory.passwordpolicy.Mutability','MUTABLE'),(36,'com.cybozu.common.directory.passwordpolicy.LockoutAttempts','0'),(37,'com.cybozu.common.directory.passwordpolicy.LockoutMinutes','0'),(38,'com.cybozu.common.directory.passwordpolicy.HistorySize','1'),(39,'com.cybozu.slash.passwordpolicy.admin.MinLength','8'),(40,'com.cybozu.slash.saml.enabled','false');
